cross_dimer_found,cross_dimer_dG,delta_tm,fp.primer,fp.length,fp.gc,fp.tm,fp.has_homopolymer,fp.hairpin_dG,fp.hairpin_found,fp.homodimer_dG,fp.homodimer_found,rp.primer,rp.length,rp.gc,rp.tm,rp.has_homopolymer,rp.hairpin_dG,rp.hairpin_found,rp.homodimer_dG,rp.homodimer_found
True,-5233.907373535687,5.554000000000002,ACCTTCTACAATGAGCTG,18,44.444,51.11,False,0,False,-4273.334,True,CGTAGATGGGCACAGTGT,18,55.556,56.664,False,0,False,-4208.956,True
True,-5233.907373535687,5.2379999999999995,ACCTTCTACAATGAGCTG,18,44.444,51.11,False,0,False,-4273.334,True,TCGTAGATGGGCACAGTG,18,55.556,56.348,False,0,False,-4149.536,True
True,-5233.907373535687,7.224000000000004,ACCTTCTACAATGAGCTG,18,44.444,51.11,False,0,False,-4273.334,True,TCGTAGATGGGCACAGTGT,19,52.632,58.334,False,0,False,-4208.956,True
True,-4432.952373532593,3.8810000000000002,CCTTCTACAATGAGCTGC,18,50.0,52.783,False,0,False,-4273.334,True,CGTAGATGGGCACAGTGT,18,55.556,56.664,False,0,False,-4208.956,True
True,-4237.4723735356965,3.5649999999999977,CCTTCTACAATGAGCTGC,18,50.0,52.783,False,0,False,-4273.334,True,TCGTAGATGGGCACAGTG,18,55.556,56.348,False,0,False,-4149.536,True
True,-4432.952373532593,5.551000000000002,CCTTCTACAATGAGCTGC,18,50.0,52.783,False,0,False,-4273.334,True,TCGTAGATGGGCACAGTGT,19,52.632,58.334,False,0,False,-4208.956,True
True,-4432.952373532593,3.372,CTTCTACAATGAGCTGCG,18,50.0,53.292,False,0,False,-4273.334,True,CGTAGATGGGCACAGTGT,18,55.556,56.664,False,0,False,-4208.956,True
True,-3546.166144614115,3.0559999999999974,CTTCTACAATGAGCTGCG,18,50.0,53.292,False,0,False,-4273.334,True,TCGTAGATGGGCACAGTG,18,55.556,56.348,False,0,False,-4149.536,True
True,-4432.952373532593,5.042000000000002,CTTCTACAATGAGCTGCG,18,50.0,53.292,False,0,False,-4273.334,True,TCGTAGATGGGCACAGTGT,19,52.632,58.334,False,0,False,-4208.956,True
True,-4432.952373532593,2.7850000000000037,TTCTACAATGAGCTGCGT,18,44.444,53.879,False,0,False,-4273.334,True,CGTAGATGGGCACAGTGT,18,55.556,56.664,False,0,False,-4208.956,True
True,-3546.166144614115,2.469000000000001,TTCTACAATGAGCTGCGT,18,44.444,53.879,False,0,False,-4273.334,True,TCGTAGATGGGCACAGTG,18,55.556,56.348,False,0,False,-4149.536,True
True,-4432.952373532593,4.455000000000005,TTCTACAATGAGCTGCGT,18,44.444,53.879,False,0,False,-4273.334,True,TCGTAGATGGGCACAGTGT,19,52.632,58.334,False,0,False,-4208.956,True
True,-4432.952373532593,1.899000000000001,TCTACAATGAGCTGCGTG,18,50.0,54.765,False,0,False,-4273.334,True,CGTAGATGGGCACAGTGT,18,55.556,56.664,False,0,False,-4208.956,True
True,-3546.166144614115,1.5829999999999984,TCTACAATGAGCTGCGTG,18,50.0,54.765,False,0,False,-4273.334,True,TCGTAGATGGGCACAGTG,18,55.556,56.348,False,0,False,-4149.536,True
True,-4432.952373532593,3.5690000000000026,TCTACAATGAGCTGCGTG,18,50.0,54.765,False,0,False,-4273.334,True,TCGTAGATGGGCACAGTGT,19,52.632,58.334,False,0,False,-4208.956,True
True,-4432.952373532593,1.5859999999999985,CTACAATGAGCTGCGTGT,18,50.0,55.078,False,0,False,-4273.334,True,CGTAGATGGGCACAGTGT,18,55.556,56.664,False,0,False,-4208.956,True
True,-3546.166144614115,1.269999999999996,CTACAATGAGCTGCGTGT,18,50.0,55.078,False,0,False,-4273.334,True,TCGTAGATGGGCACAGTG,18,55.556,56.348,False,0,False,-4149.536,True
True,-4432.952373532593,3.2560000000000002,CTACAATGAGCTGCGTGT,18,50.0,55.078,False,0,False,-4273.334,True,TCGTAGATGGGCACAGTGT,19,52.632,58.334,False,0,False,-4208.956,True
True,-4432.952373532593,1.2560000000000002,TACAATGAGCTGCGTGTG,18,50.0,55.408,False,0,False,-4273.334,True,CGTAGATGGGCACAGTGT,18,55.556,56.664,False,0,False,-4208.956,True
True,-3546.166144614115,0.9399999999999977,TACAATGAGCTGCGTGTG,18,50.0,55.408,False,0,False,-4273.334,True,TCGTAGATGGGCACAGTG,18,55.556,56.348,False,0,False,-4149.536,True
True,-4432.952373532593,2.926000000000002,TACAATGAGCTGCGTGTG,18,50.0,55.408,False,0,False,-4273.334,True,TCGTAGATGGGCACAGTGT,19,52.632,58.334,False,0,False,-4208.956,True
True,-3735.952373532593,1.6769999999999996,ACAATGAGCTGCGTGTGG,18,55.556,58.341,False,0,False,-4273.334,True,CGTAGATGGGCACAGTGT,18,55.556,56.664,False,0,False,-4208.956,True
True,-3546.166144614115,1.993000000000002,ACAATGAGCTGCGTGTGG,18,55.556,58.341,False,0,False,-4273.334,True,TCGTAGATGGGCACAGTG,18,55.556,56.348,False,0,False,-4149.536,True
True,-3735.952373532593,0.006999999999997897,ACAATGAGCTGCGTGTGG,18,55.556,58.341,False,0,False,-4273.334,True,TCGTAGATGGGCACAGTGT,19,52.632,58.334,False,0,False,-4208.956,True
True,-5233.907373535687,1.7790000000000035,ACCTTCTACAATGAGCTGC,19,47.368,54.885,False,0,False,-4273.334,True,CGTAGATGGGCACAGTGT,18,55.556,56.664,False,0,False,-4208.956,True
True,-5233.907373535687,1.463000000000001,ACCTTCTACAATGAGCTGC,19,47.368,54.885,False,0,False,-4273.334,True,TCGTAGATGGGCACAGTG,18,55.556,56.348,False,0,False,-4149.536,True
True,-5233.907373535687,3.449000000000005,ACCTTCTACAATGAGCTGC,19,47.368,54.885,False,0,False,-4273.334,True,TCGTAGATGGGCACAGTGT,19,52.632,58.334,False,0,False,-4208.956,True
True,-4432.952373532593,0.5429999999999993,CCTTCTACAATGAGCTGCG,19,52.632,56.121,False,0,False,-4273.334,True,CGTAGATGGGCACAGTGT,18,55.556,56.664,False,0,False,-4208.956,True
True,-4237.4723735356965,0.22699999999999676,CCTTCTACAATGAGCTGCG,19,52.632,56.121,False,0,False,-4273.334,True,TCGTAGATGGGCACAGTG,18,55.556,56.348,False,0,False,-4149.536,True
True,-4432.952373532593,2.213000000000001,CCTTCTACAATGAGCTGCG,19,52.632,56.121,False,0,False,-4273.334,True,TCGTAGATGGGCACAGTGT,19,52.632,58.334,False,0,False,-4208.956,True
True,-4432.952373532593,1.3230000000000004,CTTCTACAATGAGCTGCGT,19,47.368,55.341,False,0,False,-4273.334,True,CGTAGATGGGCACAGTGT,18,55.556,56.664,False,0,False,-4208.956,True
True,-3546.166144614115,1.006999999999998,CTTCTACAATGAGCTGCGT,19,47.368,55.341,False,0,False,-4273.334,True,TCGTAGATGGGCACAGTG,18,55.556,56.348,False,0,False,-4149.536,True
True,-4432.952373532593,2.993000000000002,CTTCTACAATGAGCTGCGT,19,47.368,55.341,False,0,False,-4273.334,True,TCGTAGATGGGCACAGTGT,19,52.632,58.334,False,0,False,-4208.956,True
True,-4432.952373532593,1.009999999999998,TTCTACAATGAGCTGCGTG,19,47.368,55.654,False,0,False,-4273.334,True,CGTAGATGGGCACAGTGT,18,55.556,56.664,False,0,False,-4208.956,True
True,-3546.166144614115,0.6939999999999955,TTCTACAATGAGCTGCGTG,19,47.368,55.654,False,0,False,-4273.334,True,TCGTAGATGGGCACAGTG,18,55.556,56.348,False,0,False,-4149.536,True
True,-4432.952373532593,2.6799999999999997,TTCTACAATGAGCTGCGTG,19,47.368,55.654,False,0,False,-4273.334,True,TCGTAGATGGGCACAGTGT,19,52.632,58.334,False,0,False,-4208.956,True
True,-4432.952373532593,0.11999999999999744,TCTACAATGAGCTGCGTGT,19,47.368,56.784,False,0,False,-4273.334,True,CGTAGATGGGCACAGTGT,18,55.556,56.664,False,0,False,-4208.956,True
True,-3546.166144614115,0.43599999999999994,TCTACAATGAGCTGCGTGT,19,47.368,56.784,False,0,False,-4273.334,True,TCGTAGATGGGCACAGTG,18,55.556,56.348,False,0,False,-4149.536,True
True,-4432.952373532593,1.5500000000000043,TCTACAATGAGCTGCGTGT,19,47.368,56.784,False,0,False,-4273.334,True,TCGTAGATGGGCACAGTGT,19,52.632,58.334,False,0,False,-4208.956,True
True,-4432.952373532593,0.08099999999999596,CTACAATGAGCTGCGTGTG,19,52.632,56.745,False,0,False,-4273.334,True,CGTAGATGGGCACAGTGT,18,55.556,56.664,False,0,False,-4208.956,True
True,-3546.166144614115,0.39699999999999847,CTACAATGAGCTGCGTGTG,19,52.632,56.745,False,0,False,-4273.334,True,TCGTAGATGGGCACAGTG,18,55.556,56.348,False,0,False,-4149.536,True
True,-4432.952373532593,1.5890000000000057,CTACAATGAGCTGCGTGTG,19,52.632,56.745,False,0,False,-4273.334,True,TCGTAGATGGGCACAGTGT,19,52.632,58.334,False,0,False,-4208.956,True
True,-4432.952373532593,1.4959999999999951,TACAATGAGCTGCGTGTGG,19,52.632,58.16,False,0,False,-4273.334,True,CGTAGATGGGCACAGTGT,18,55.556,56.664,False,0,False,-4208.956,True
True,-3546.166144614115,1.8119999999999976,TACAATGAGCTGCGTGTGG,19,52.632,58.16,False,0,False,-4273.334,True,TCGTAGATGGGCACAGTG,18,55.556,56.348,False,0,False,-4149.536,True
True,-4432.952373532593,0.1740000000000066,TACAATGAGCTGCGTGTGG,19,52.632,58.16,False,0,False,-4273.334,True,TCGTAGATGGGCACAGTGT,19,52.632,58.334,False,0,False,-4208.956,True
True,-5233.907373535687,1.3200000000000003,ACCTTCTACAATGAGCTGCG,20,50.0,57.984,False,0,False,-4273.334,True,CGTAGATGGGCACAGTGT,18,55.556,56.664,False,0,False,-4208.956,True
True,-5233.907373535687,1.6360000000000028,ACCTTCTACAATGAGCTGCG,20,50.0,57.984,False,0,False,-4273.334,True,TCGTAGATGGGCACAGTG,18,55.556,56.348,False,0,False,-4149.536,True
True,-5233.907373535687,0.3500000000000014,ACCTTCTACAATGAGCTGCG,20,50.0,57.984,False,0,False,-4273.334,True,TCGTAGATGGGCACAGTGT,19,52.632,58.334,False,0,False,-4208.956,True
True,-4432.952373532593,1.3200000000000003,CCTTCTACAATGAGCTGCGT,20,50.0,57.984,False,0,False,-4273.334,True,CGTAGATGGGCACAGTGT,18,55.556,56.664,False,0,False,-4208.956,True
True,-4237.4723735356965,1.6360000000000028,CCTTCTACAATGAGCTGCGT,20,50.0,57.984,False,0,False,-4273.334,True,TCGTAGATGGGCACAGTG,18,55.556,56.348,False,0,False,-4149.536,True
True,-4432.952373532593,0.3500000000000014,CCTTCTACAATGAGCTGCGT,20,50.0,57.984,False,0,False,-4273.334,True,TCGTAGATGGGCACAGTGT,19,52.632,58.334,False,0,False,-4208.956,True
True,-4432.952373532593,0.25499999999999545,CTTCTACAATGAGCTGCGTG,20,50.0,56.919,False,0,False,-4273.334,True,CGTAGATGGGCACAGTGT,18,55.556,56.664,False,0,False,-4208.956,True
True,-3546.166144614115,0.570999999999998,CTTCTACAATGAGCTGCGTG,20,50.0,56.919,False,0,False,-4273.334,True,TCGTAGATGGGCACAGTG,18,55.556,56.348,False,0,False,-4149.536,True
True,-4432.952373532593,1.4150000000000063,CTTCTACAATGAGCTGCGTG,20,50.0,56.919,False,0,False,-4273.334,True,TCGTAGATGGGCACAGTGT,19,52.632,58.334,False,0,False,-4208.956,True
True,-4432.952373532593,0.8799999999999955,TTCTACAATGAGCTGCGTGT,20,45.0,57.544,False,0,False,-4273.334,True,CGTAGATGGGCACAGTGT,18,55.556,56.664,False,0,False,-4208.956,True
True,-3546.166144614115,1.195999999999998,TTCTACAATGAGCTGCGTGT,20,45.0,57.544,False,0,False,-4273.334,True,TCGTAGATGGGCACAGTG,18,55.556,56.348,False,0,False,-4149.536,True
True,-4432.952373532593,0.7900000000000063,TTCTACAATGAGCTGCGTGT,20,45.0,57.544,False,0,False,-4273.334,True,TCGTAGATGGGCACAGTGT,19,52.632,58.334,False,0,False,-4208.956,True
True,-4432.952373532593,1.6219999999999999,TCTACAATGAGCTGCGTGTG,20,50.0,58.286,False,0,False,-4273.334,True,CGTAGATGGGCACAGTGT,18,55.556,56.664,False,0,False,-4208.956,True
True,-3546.166144614115,1.9380000000000024,TCTACAATGAGCTGCGTGTG,20,50.0,58.286,False,0,False,-4273.334,True,TCGTAGATGGGCACAGTG,18,55.556,56.348,False,0,False,-4149.536,True
True,-4432.952373532593,0.04800000000000182,TCTACAATGAGCTGCGTGTG,20,50.0,58.286,False,0,False,-4273.334,True,TCGTAGATGGGCACAGTGT,19,52.632,58.334,False,0,False,-4208.956,True
True,-4432.952373532593,2.6129999999999995,CTACAATGAGCTGCGTGTGG,20,55.0,59.277,False,0,False,-4273.334,True,CGTAGATGGGCACAGTGT,18,55.556,56.664,False,0,False,-4208.956,True
True,-3546.166144614115,2.929000000000002,CTACAATGAGCTGCGTGTGG,20,55.0,59.277,False,0,False,-4273.334,True,TCGTAGATGGGCACAGTG,18,55.556,56.348,False,0,False,-4149.536,True
True,-4432.952373532593,0.9429999999999978,CTACAATGAGCTGCGTGTGG,20,55.0,59.277,False,0,False,-4273.334,True,TCGTAGATGGGCACAGTGT,19,52.632,58.334,False,0,False,-4208.956,True
True,-5233.907373535687,3.059999999999995,ACCTTCTACAATGAGCTGCGT,21,47.619,59.724,False,0,False,-4273.334,True,CGTAGATGGGCACAGTGT,18,55.556,56.664,False,0,False,-4208.956,True
True,-5233.907373535687,3.3759999999999977,ACCTTCTACAATGAGCTGCGT,21,47.619,59.724,False,0,False,-4273.334,True,TCGTAGATGGGCACAGTG,18,55.556,56.348,False,0,False,-4149.536,True
True,-5233.907373535687,1.3899999999999935,ACCTTCTACAATGAGCTGCGT,21,47.619,59.724,False,0,False,-4273.334,True,TCGTAGATGGGCACAGTGT,19,52.632,58.334,False,0,False,-4208.956,True
True,-4432.952373532593,2.673000000000002,CCTTCTACAATGAGCTGCGTG,21,52.381,59.337,False,0,False,-4273.334,True,CGTAGATGGGCACAGTGT,18,55.556,56.664,False,0,False,-4208.956,True
True,-4237.4723735356965,2.9890000000000043,CCTTCTACAATGAGCTGCGTG,21,52.381,59.337,False,0,False,-4273.334,True,TCGTAGATGGGCACAGTG,18,55.556,56.348,False,0,False,-4149.536,True
True,-4432.952373532593,1.0030000000000001,CCTTCTACAATGAGCTGCGTG,21,52.381,59.337,False,0,False,-4273.334,True,TCGTAGATGGGCACAGTGT,19,52.632,58.334,False,0,False,-4208.956,True
True,-4432.952373532593,1.9949999999999974,CTTCTACAATGAGCTGCGTGT,21,47.619,58.659,False,0,False,-4273.334,True,CGTAGATGGGCACAGTGT,18,55.556,56.664,False,0,False,-4208.956,True
True,-3546.166144614115,2.311,CTTCTACAATGAGCTGCGTGT,21,47.619,58.659,False,0,False,-4273.334,True,TCGTAGATGGGCACAGTG,18,55.556,56.348,False,0,False,-4149.536,True
True,-4432.952373532593,0.32499999999999574,CTTCTACAATGAGCTGCGTGT,21,47.619,58.659,False,0,False,-4273.334,True,TCGTAGATGGGCACAGTGT,19,52.632,58.334,False,0,False,-4208.956,True
True,-4432.952373532593,2.266999999999996,TTCTACAATGAGCTGCGTGTG,21,47.619,58.931,False,0,False,-4273.334,True,CGTAGATGGGCACAGTGT,18,55.556,56.664,False,0,False,-4208.956,True
True,-3546.166144614115,2.5829999999999984,TTCTACAATGAGCTGCGTGTG,21,47.619,58.931,False,0,False,-4273.334,True,TCGTAGATGGGCACAGTG,18,55.556,56.348,False,0,False,-4149.536,True
True,-4432.952373532593,0.5969999999999942,TTCTACAATGAGCTGCGTGTG,21,47.619,58.931,False,0,False,-4273.334,True,TCGTAGATGGGCACAGTGT,19,52.632,58.334,False,0,False,-4208.956,True
True,-4432.952373532593,4.009,TCTACAATGAGCTGCGTGTGG,21,52.381,60.673,False,0,False,-4273.334,True,CGTAGATGGGCACAGTGT,18,55.556,56.664,False,0,False,-4208.956,True
True,-3546.166144614115,4.325000000000003,TCTACAATGAGCTGCGTGTGG,21,52.381,60.673,False,0,False,-4273.334,True,TCGTAGATGGGCACAGTG,18,55.556,56.348,False,0,False,-4149.536,True
True,-4432.952373532593,2.3389999999999986,TCTACAATGAGCTGCGTGTGG,21,52.381,60.673,False,0,False,-4273.334,True,TCGTAGATGGGCACAGTGT,19,52.632,58.334,False,0,False,-4208.956,True
True,-5233.907373535687,4.268999999999998,ACCTTCTACAATGAGCTGCGTG,22,50.0,60.933,False,0,False,-4273.334,True,CGTAGATGGGCACAGTGT,18,55.556,56.664,False,0,False,-4208.956,True
True,-5233.907373535687,4.585000000000001,ACCTTCTACAATGAGCTGCGTG,22,50.0,60.933,False,0,False,-4273.334,True,TCGTAGATGGGCACAGTG,18,55.556,56.348,False,0,False,-4149.536,True
True,-5233.907373535687,2.5989999999999966,ACCTTCTACAATGAGCTGCGTG,22,50.0,60.933,False,0,False,-4273.334,True,TCGTAGATGGGCACAGTGT,19,52.632,58.334,False,0,False,-4208.956,True
True,-4432.952373532593,4.268999999999998,CCTTCTACAATGAGCTGCGTGT,22,50.0,60.933,False,0,False,-4273.334,True,CGTAGATGGGCACAGTGT,18,55.556,56.664,False,0,False,-4208.956,True
True,-4237.4723735356965,4.585000000000001,CCTTCTACAATGAGCTGCGTGT,22,50.0,60.933,False,0,False,-4273.334,True,TCGTAGATGGGCACAGTG,18,55.556,56.348,False,0,False,-4149.536,True
True,-4432.952373532593,2.5989999999999966,CCTTCTACAATGAGCTGCGTGT,22,50.0,60.933,False,0,False,-4273.334,True,TCGTAGATGGGCACAGTGT,19,52.632,58.334,False,0,False,-4208.956,True
True,-4432.952373532593,3.242999999999995,CTTCTACAATGAGCTGCGTGTG,22,50.0,59.907,False,0,False,-4273.334,True,CGTAGATGGGCACAGTGT,18,55.556,56.664,False,0,False,-4208.956,True
True,-3546.166144614115,3.5589999999999975,CTTCTACAATGAGCTGCGTGTG,22,50.0,59.907,False,0,False,-4273.334,True,TCGTAGATGGGCACAGTG,18,55.556,56.348,False,0,False,-4149.536,True
True,-4432.952373532593,1.5729999999999933,CTTCTACAATGAGCTGCGTGTG,22,50.0,59.907,False,0,False,-4273.334,True,TCGTAGATGGGCACAGTGT,19,52.632,58.334,False,0,False,-4208.956,True
True,-4432.952373532593,4.522999999999996,TTCTACAATGAGCTGCGTGTGG,22,50.0,61.187,False,0,False,-4273.334,True,CGTAGATGGGCACAGTGT,18,55.556,56.664,False,0,False,-4208.956,True
True,-3546.166144614115,4.838999999999999,TTCTACAATGAGCTGCGTGTGG,22,50.0,61.187,False,0,False,-4273.334,True,TCGTAGATGGGCACAGTG,18,55.556,56.348,False,0,False,-4149.536,True
True,-4432.952373532593,2.8529999999999944,TTCTACAATGAGCTGCGTGTGG,22,50.0,61.187,False,0,False,-4273.334,True,TCGTAGATGGGCACAGTGT,19,52.632,58.334,False,0,False,-4208.956,True
True,-5233.907373535687,5.766999999999996,ACCTTCTACAATGAGCTGCGTGT,23,47.826,62.431,False,0,False,-4273.334,True,CGTAGATGGGCACAGTGT,18,55.556,56.664,False,0,False,-4208.956,True
True,-5233.907373535687,6.082999999999998,ACCTTCTACAATGAGCTGCGTGT,23,47.826,62.431,False,0,False,-4273.334,True,TCGTAGATGGGCACAGTG,18,55.556,56.348,False,0,False,-4149.536,True
True,-5233.907373535687,4.096999999999994,ACCTTCTACAATGAGCTGCGTGT,23,47.826,62.431,False,0,False,-4273.334,True,TCGTAGATGGGCACAGTGT,19,52.632,58.334,False,0,False,-4208.956,True
True,-4432.952373532593,5.344000000000001,CCTTCTACAATGAGCTGCGTGTG,23,52.174,62.008,False,0,False,-4273.334,True,CGTAGATGGGCACAGTGT,18,55.556,56.664,False,0,False,-4208.956,True
True,-4237.4723735356965,5.660000000000004,CCTTCTACAATGAGCTGCGTGTG,23,52.174,62.008,False,0,False,-4273.334,True,TCGTAGATGGGCACAGTG,18,55.556,56.348,False,0,False,-4149.536,True
True,-4432.952373532593,3.6739999999999995,CCTTCTACAATGAGCTGCGTGTG,23,52.174,62.008,False,0,False,-4273.334,True,TCGTAGATGGGCACAGTGT,19,52.632,58.334,False,0,False,-4208.956,True
True,-4432.952373532593,5.344000000000001,CTTCTACAATGAGCTGCGTGTGG,23,52.174,62.008,False,0,False,-4273.334,True,CGTAGATGGGCACAGTGT,18,55.556,56.664,False,0,False,-4208.956,True
True,-3546.166144614115,5.660000000000004,CTTCTACAATGAGCTGCGTGTGG,23,52.174,62.008,False,0,False,-4273.334,True,TCGTAGATGGGCACAGTG,18,55.556,56.348,False,0,False,-4149.536,True
True,-4432.952373532593,3.6739999999999995,CTTCTACAATGAGCTGCGTGTGG,23,52.174,62.008,False,0,False,-4273.334,True,TCGTAGATGGGCACAGTGT,19,52.632,58.334,False,0,False,-4208.956,True
True,-5233.907373535687,6.731000000000002,ACCTTCTACAATGAGCTGCGTGTG,24,50.0,63.395,False,0,False,-4273.334,True,CGTAGATGGGCACAGTGT,18,55.556,56.664,False,0,False,-4208.956,True
True,-5233.907373535687,7.047000000000004,ACCTTCTACAATGAGCTGCGTGTG,24,50.0,63.395,False,0,False,-4273.334,True,TCGTAGATGGGCACAGTG,18,55.556,56.348,False,0,False,-4149.536,True
True,-5233.907373535687,5.061,ACCTTCTACAATGAGCTGCGTGTG,24,50.0,63.395,False,0,False,-4273.334,True,TCGTAGATGGGCACAGTGT,19,52.632,58.334,False,0,False,-4208.956,True
True,-4432.952373532593,7.292999999999999,CCTTCTACAATGAGCTGCGTGTGG,24,54.167,63.957,False,0,False,-4273.334,True,CGTAGATGGGCACAGTGT,18,55.556,56.664,False,0,False,-4208.956,True
True,-4237.4723735356965,7.609000000000002,CCTTCTACAATGAGCTGCGTGTGG,24,54.167,63.957,False,0,False,-4273.334,True,TCGTAGATGGGCACAGTG,18,55.556,56.348,False,0,False,-4149.536,True
True,-4432.952373532593,5.6229999999999976,CCTTCTACAATGAGCTGCGTGTGG,24,54.167,63.957,False,0,False,-4273.334,True,TCGTAGATGGGCACAGTGT,19,52.632,58.334,False,0,False,-4208.956,True
