primer,length,gc,tm,has_homopolymer,hairpin_dG,hairpin_found,homodimer_dG,homodimer_found
GGTCTTTGCGGATGTCCA,18,55.556,57.286,False,100.231,True,-3040.166,True
AGGTCTTTGCGGATGTCC,18,55.556,56.958,False,0.0,False,-2358.051,True
CAGGTCTTTGCGGATGTC,18,55.556,55.792,False,0.0,False,-2358.051,True
ACAGGTCTTTGCGGATGT,18,50.0,56.448,False,0.0,False,-2358.051,True
TACAGGTCTTTGCGGATG,18,50.0,54.293,False,0.0,False,-2358.051,True
GTACAGGTCTTTGCGGAT,18,50.0,54.289,False,0.0,False,-2476.919,True
CGTACAGGTCTTTGCGGA,18,55.556,57.021,False,0.0,False,-3095.349,True
GCGTACAGGTCTTTGCGG,18,61.111,58.835,False,0.0,False,-3095.349,True
GGCGTACAGGTCTTTGCG,18,61.111,58.835,False,0.0,False,-3095.349,True
TGGCGTACAGGTCTTTGC,18,55.556,57.628,False,0.0,False,-3095.349,True
TTGGCGTACAGGTCTTTG,18,50.0,54.87,False,0.0,False,-3095.349,True
GTTGGCGTACAGGTCTTT,18,50.0,54.866,False,0.0,False,-3095.349,True
TGTTGGCGTACAGGTCTT,18,50.0,56.059,False,0.0,False,-3095.349,True
GTGTTGGCGTACAGGTCT,18,55.556,56.912,False,0.0,False,-3095.349,True
TGTGTTGGCGTACAGGTC,18,55.556,57.237,False,0.0,False,-3095.349,True
CTGTGTTGGCGTACAGGT,18,55.556,57.229,False,-350.79,True,-2332.614,True
ACTGTGTTGGCGTACAGG,18,55.556,57.229,False,-988.76,True,-4325.484,True
CACTGTGTTGGCGTACAG,18,55.556,56.07,False,-1127.358,True,-3472.844,True
GCACTGTGTTGGCGTACA,18,55.556,58.274,False,0.0,False,-5213.476,True
AGCACTGTGTTGGCGTAC,18,55.556,57.957,False,0.0,False,-5213.476,True
CAGCACTGTGTTGGCGTA,18,55.556,57.958,False,0.0,False,-5698.201,True
ACAGCACTGTGTTGGCGT,18,55.556,60.125,False,-430.915,True,-7691.071,True
GACAGCACTGTGTTGGCG,18,61.111,59.366,False,-551.215,True,-7691.071,True
AGACAGCACTGTGTTGGC,18,55.556,57.852,False,-551.215,True,-7691.071,True
CAGACAGCACTGTGTTGG,18,55.556,55.945,False,-551.215,True,-7691.071,True
CCAGACAGCACTGTGTTG,18,55.556,55.945,False,-551.215,True,-6838.431,True
GCCAGACAGCACTGTGTT,18,55.556,57.852,False,-551.215,True,-5437.779,True
CGCCAGACAGCACTGTGT,18,61.111,60.28,False,-551.215,True,-5437.779,True
CCGCCAGACAGCACTGTG,18,66.667,61.046,False,-551.215,True,-5437.779,True
GCCGCCAGACAGCACTGT,18,66.667,62.996,False,-757.669,True,-4470.859,True
TGCCGCCAGACAGCACTG,18,66.667,62.994,False,-55.893,True,-2883.766,True
GTGCCGCCAGACAGCACT,18,66.667,62.996,False,-1414.889,True,-3850.014,True
GGTGCCGCCAGACAGCAC,18,72.222,64.031,False,-1592.957,True,-3793.244,True
AGGTCTTTGCGGATGTCCA,19,52.632,58.934,False,100.231,True,-3040.166,True
CAGGTCTTTGCGGATGTCC,19,57.895,58.529,False,0.0,False,-2358.051,True
ACAGGTCTTTGCGGATGTC,19,52.632,57.767,False,0.0,False,-2358.051,True
TACAGGTCTTTGCGGATGT,19,47.368,56.357,False,0.0,False,-2358.051,True
GTACAGGTCTTTGCGGATG,19,52.632,56.032,False,0.0,False,-2476.919,True
CGTACAGGTCTTTGCGGAT,19,52.632,57.564,False,0.0,False,-3095.349,True
GCGTACAGGTCTTTGCGGA,19,57.895,60.374,False,0.0,False,-3095.349,True
GGCGTACAGGTCTTTGCGG,19,63.158,61.388,False,0.0,False,-3095.349,True
TGGCGTACAGGTCTTTGCG,19,57.895,60.667,False,0.0,False,-3095.349,True
TTGGCGTACAGGTCTTTGC,19,52.632,58.376,False,0.0,False,-3095.349,True
GTTGGCGTACAGGTCTTTG,19,52.632,56.564,False,0.0,False,-3095.349,True
TGTTGGCGTACAGGTCTTT,19,47.368,56.904,False,0.0,False,-3095.349,True
GTGTTGGCGTACAGGTCTT,19,52.632,57.699,False,0.0,False,-3095.349,True
TGTGTTGGCGTACAGGTCT,19,52.632,58.87,False,0.0,False,-3095.349,True
CTGTGTTGGCGTACAGGTC,19,57.895,58.471,False,-350.79,True,-2332.614,True
ACTGTGTTGGCGTACAGGT,19,52.632,59.173,False,-988.76,True,-4325.484,True
CACTGTGTTGGCGTACAGG,19,57.895,58.765,False,-988.76,True,-4325.484,True
GCACTGTGTTGGCGTACAG,19,57.895,59.431,False,-1127.358,True,-5213.476,True
AGCACTGTGTTGGCGTACA,19,52.632,59.855,False,0.0,False,-5213.476,True
CAGCACTGTGTTGGCGTAC,19,57.895,59.431,False,0.0,False,-5698.201,True
ACAGCACTGTGTTGGCGTA,19,52.632,59.855,False,-430.915,True,-7691.071,True
GACAGCACTGTGTTGGCGT,19,57.895,61.18,False,-551.215,True,-7691.071,True
AGACAGCACTGTGTTGGCG,19,57.895,60.889,False,-374.213,True,-7691.071,True
CAGACAGCACTGTGTTGGC,19,57.895,59.349,False,-551.215,True,-7691.071,True
CCAGACAGCACTGTGTTGG,19,57.895,58.676,False,-551.215,True,-7691.071,True
GCCAGACAGCACTGTGTTG,19,57.895,59.349,False,-551.215,True,-6838.431,True
CGCCAGACAGCACTGTGTT,19,57.895,60.889,False,-551.215,True,-5437.779,True
CCGCCAGACAGCACTGTGT,19,63.158,62.815,False,-551.215,True,-5437.779,True
GCCGCCAGACAGCACTGTG,19,68.421,64.141,False,-551.215,True,-5437.779,True
TGCCGCCAGACAGCACTGT,19,63.158,64.712,False,-757.669,True,-4470.859,True
GTGCCGCCAGACAGCACTG,19,68.421,64.141,False,-1414.889,True,-3850.014,True
GGTGCCGCCAGACAGCACT,19,68.421,65.411,False,-1667.334,True,-4888.744,True
CAGGTCTTTGCGGATGTCCA,20,55.0,60.322,False,100.231,True,-3040.166,True
ACAGGTCTTTGCGGATGTCC,20,55.0,60.322,False,0.0,False,-2358.051,True
TACAGGTCTTTGCGGATGTC,20,50.0,57.62,False,0.0,False,-2358.051,True
GTACAGGTCTTTGCGGATGT,20,50.0,57.905,False,0.0,False,-2476.919,True
CGTACAGGTCTTTGCGGATG,20,55.0,59.001,False,0.0,False,-3095.349,True
GCGTACAGGTCTTTGCGGAT,20,55.0,60.74,False,0.0,False,-3095.349,True
GGCGTACAGGTCTTTGCGGA,20,60.0,62.775,False,0.0,False,-3095.349,True
TGGCGTACAGGTCTTTGCGG,20,60.0,63.053,False,0.0,False,-3095.349,True
TTGGCGTACAGGTCTTTGCG,20,55.0,61.225,False,0.0,False,-3095.349,True
GTTGGCGTACAGGTCTTTGC,20,55.0,59.763,False,0.0,False,-3095.349,True
TGTTGGCGTACAGGTCTTTG,20,50.0,58.411,False,0.0,False,-3095.349,True
GTGTTGGCGTACAGGTCTTT,20,50.0,58.41,False,0.0,False,-3095.349,True
TGTGTTGGCGTACAGGTCTT,20,50.0,59.533,False,0.0,False,-3095.349,True
CTGTGTTGGCGTACAGGTCT,20,55.0,59.966,False,-350.79,True,-2332.614,True
ACTGTGTTGGCGTACAGGTC,20,55.0,60.25,False,-988.76,True,-4325.484,True
CACTGTGTTGGCGTACAGGT,20,55.0,60.532,False,-988.76,True,-4325.484,True
GCACTGTGTTGGCGTACAGG,20,60.0,61.842,False,-988.76,True,-5213.476,True
AGCACTGTGTTGGCGTACAG,20,55.0,60.88,False,-1127.358,True,-5213.476,True
CAGCACTGTGTTGGCGTACA,20,55.0,61.157,False,0.0,False,-5698.201,True
ACAGCACTGTGTTGGCGTAC,20,55.0,61.158,False,-430.915,True,-7691.071,True
GACAGCACTGTGTTGGCGTA,20,55.0,60.879,False,-551.215,True,-7691.071,True
AGACAGCACTGTGTTGGCGT,20,55.0,62.593,False,-374.213,True,-7691.071,True
CAGACAGCACTGTGTTGGCG,20,60.0,62.11,False,-374.213,True,-7691.071,True
CCAGACAGCACTGTGTTGGC,20,60.0,61.789,False,-551.215,True,-7691.071,True
GCCAGACAGCACTGTGTTGG,20,60.0,61.789,False,-551.215,True,-7691.071,True
CGCCAGACAGCACTGTGTTG,20,60.0,62.11,False,-551.215,True,-6838.431,True
CCGCCAGACAGCACTGTGTT,20,60.0,63.275,False,-551.215,True,-5437.779,True
GCCGCCAGACAGCACTGTGT,20,65.0,65.711,False,-551.215,True,-5437.779,True
TGCCGCCAGACAGCACTGTG,20,65.0,65.708,False,-551.215,True,-5437.779,True
GTGCCGCCAGACAGCACTGT,20,65.0,65.711,False,-1414.889,True,-4470.859,True
GGTGCCGCCAGACAGCACTG,20,70.0,66.354,False,-1667.334,True,-4888.744,True
ACAGGTCTTTGCGGATGTCCA,21,52.381,61.994,False,100.231,True,-3040.166,True
TACAGGTCTTTGCGGATGTCC,21,52.381,60.066,False,0.0,False,-2358.051,True
GTACAGGTCTTTGCGGATGTC,21,52.381,59.0,False,0.0,False,-2476.919,True
CGTACAGGTCTTTGCGGATGT,21,52.381,60.672,False,0.0,False,-3095.349,True
GCGTACAGGTCTTTGCGGATG,21,57.143,61.915,False,0.0,False,-3095.349,True
GGCGTACAGGTCTTTGCGGAT,21,57.143,63.024,False,0.0,False,-3095.349,True
TGGCGTACAGGTCTTTGCGGA,21,57.143,64.339,False,0.0,False,-3095.349,True
TTGGCGTACAGGTCTTTGCGG,21,57.143,63.479,False,0.0,False,-3095.349,True
GTTGGCGTACAGGTCTTTGCG,21,57.143,62.368,False,0.0,False,-3095.349,True
TGTTGGCGTACAGGTCTTTGC,21,52.381,61.411,False,0.0,False,-3095.349,True
GTGTTGGCGTACAGGTCTTTG,21,52.381,59.737,False,0.0,False,-3095.349,True
TGTGTTGGCGTACAGGTCTTT,21,47.619,60.134,False,0.0,False,-3095.349,True
CTGTGTTGGCGTACAGGTCTT,21,52.381,60.54,False,-350.79,True,-2332.614,True
ACTGTGTTGGCGTACAGGTCT,21,52.381,61.641,False,-988.76,True,-4325.484,True
CACTGTGTTGGCGTACAGGTC,21,57.143,61.464,False,-988.76,True,-4325.484,True
GCACTGTGTTGGCGTACAGGT,21,57.143,63.419,False,-988.76,True,-5213.476,True
AGCACTGTGTTGGCGTACAGG,21,57.143,63.16,False,-988.76,True,-5213.476,True
CAGCACTGTGTTGGCGTACAG,21,57.143,62.048,False,-1127.358,True,-5698.201,True
ACAGCACTGTGTTGGCGTACA,21,52.381,62.77,False,-430.915,True,-7691.071,True
GACAGCACTGTGTTGGCGTAC,21,57.143,62.044,False,-551.215,True,-7691.071,True
AGACAGCACTGTGTTGGCGTA,21,52.381,62.238,False,-374.213,True,-7691.071,True
CAGACAGCACTGTGTTGGCGT,21,57.143,63.671,False,-374.213,True,-7691.071,True
CCAGACAGCACTGTGTTGGCG,21,61.905,64.302,False,-374.213,True,-7691.071,True
GCCAGACAGCACTGTGTTGGC,21,61.905,64.591,False,-2174.653,True,-7304.825,True
CGCCAGACAGCACTGTGTTGG,21,61.905,64.302,False,-551.215,True,-7691.071,True
CCGCCAGACAGCACTGTGTTG,21,61.905,64.302,False,-551.215,True,-6838.431,True
GCCGCCAGACAGCACTGTGTT,21,61.905,66.015,False,-551.215,True,-5437.779,True
TGCCGCCAGACAGCACTGTGT,21,61.905,67.174,False,-551.215,True,-5437.779,True
GTGCCGCCAGACAGCACTGTG,21,66.667,66.589,False,-1414.889,True,-5437.779,True
GGTGCCGCCAGACAGCACTGT,21,66.667,67.788,False,-1667.334,True,-4888.744,True
TACAGGTCTTTGCGGATGTCCA,22,50.0,61.674,False,100.231,True,-3040.166,True
GTACAGGTCTTTGCGGATGTCC,22,54.545,61.25,False,0.0,False,-2476.919,True
CGTACAGGTCTTTGCGGATGTC,22,54.545,61.552,False,0.0,False,-3095.349,True
GCGTACAGGTCTTTGCGGATGT,22,54.545,63.416,False,0.0,False,-3095.349,True
GGCGTACAGGTCTTTGCGGATG,22,59.091,64.022,False,0.0,False,-3095.349,True
TGGCGTACAGGTCTTTGCGGAT,22,54.545,64.516,False,0.0,False,-3095.349,True
TTGGCGTACAGGTCTTTGCGGA,22,54.545,64.695,False,0.0,False,-3095.349,True
GTTGGCGTACAGGTCTTTGCGG,22,59.091,64.449,False,0.0,False,-3095.349,True
TGTTGGCGTACAGGTCTTTGCG,22,54.545,63.847,False,0.0,False,-3095.349,True
GTGTTGGCGTACAGGTCTTTGC,22,54.545,62.502,False,0.0,False,-3095.349,True
TGTGTTGGCGTACAGGTCTTTG,22,50.0,61.318,False,0.0,False,-3095.349,True
CTGTGTTGGCGTACAGGTCTTT,22,50.0,61.063,False,-350.79,True,-2332.614,True
ACTGTGTTGGCGTACAGGTCTT,22,50.0,62.122,False,-988.76,True,-4325.484,True
CACTGTGTTGGCGTACAGGTCT,22,54.545,62.739,False,-988.76,True,-4325.484,True
GCACTGTGTTGGCGTACAGGTC,22,59.091,64.144,False,-988.76,True,-5213.476,True
AGCACTGTGTTGGCGTACAGGT,22,54.545,64.65,False,-988.76,True,-5213.476,True
CAGCACTGTGTTGGCGTACAGG,22,59.091,64.15,False,-988.76,True,-5698.201,True
ACAGCACTGTGTTGGCGTACAG,22,54.545,63.545,False,-1127.358,True,-7691.071,True
GACAGCACTGTGTTGGCGTACA,22,54.545,63.537,False,-551.215,True,-7691.071,True
AGACAGCACTGTGTTGGCGTAC,22,54.545,63.292,False,-374.213,True,-7691.071,True
CAGACAGCACTGTGTTGGCGTA,22,54.545,63.291,False,-374.213,True,-7691.071,True
CCAGACAGCACTGTGTTGGCGT,22,59.091,65.734,False,-374.213,True,-7691.071,True
GCCAGACAGCACTGTGTTGGCG,22,63.636,66.837,False,-1968.199,True,-7304.825,True
CGCCAGACAGCACTGTGTTGGC,22,63.636,66.837,False,-2483.868,True,-7923.255,True
CCGCCAGACAGCACTGTGTTGG,22,63.636,66.323,False,-551.215,True,-7691.071,True
GCCGCCAGACAGCACTGTGTTG,22,63.636,66.837,False,-551.215,True,-6838.431,True
TGCCGCCAGACAGCACTGTGTT,22,59.091,67.404,False,-551.215,True,-5437.779,True
GTGCCGCCAGACAGCACTGTGT,22,63.636,67.944,False,-1414.889,True,-5437.779,True
GGTGCCGCCAGACAGCACTGTG,22,68.182,68.511,False,-1667.334,True,-5437.779,True
GTACAGGTCTTTGCGGATGTCCA,23,52.174,62.732,False,100.231,True,-3040.166,True
CGTACAGGTCTTTGCGGATGTCC,23,56.522,63.592,False,0.0,False,-3095.349,True
GCGTACAGGTCTTTGCGGATGTC,23,56.522,64.108,False,0.0,False,-3095.349,True
GGCGTACAGGTCTTTGCGGATGT,23,56.522,65.403,False,0.0,False,-3095.349,True
TGGCGTACAGGTCTTTGCGGATG,23,56.522,65.4,False,0.0,False,-3095.349,True
TTGGCGTACAGGTCTTTGCGGAT,23,52.174,64.85,False,0.0,False,-3095.349,True
GTTGGCGTACAGGTCTTTGCGGA,23,56.522,65.57,False,0.0,False,-3095.349,True
TGTTGGCGTACAGGTCTTTGCGG,23,56.522,65.809,False,0.0,False,-3095.349,True
GTGTTGGCGTACAGGTCTTTGCG,23,56.522,64.752,False,0.0,False,-3095.349,True
TGTGTTGGCGTACAGGTCTTTGC,23,52.174,63.927,False,0.0,False,-3095.349,True
CTGTGTTGGCGTACAGGTCTTTG,23,52.174,62.134,False,-350.79,True,-2332.614,True
ACTGTGTTGGCGTACAGGTCTTT,23,47.826,62.561,False,-988.76,True,-4325.484,True
CACTGTGTTGGCGTACAGGTCTT,23,52.174,63.146,False,-988.76,True,-4325.484,True
GCACTGTGTTGGCGTACAGGTCT,23,56.522,65.287,False,-988.76,True,-5213.476,True
AGCACTGTGTTGGCGTACAGGTC,23,56.522,65.287,False,-988.76,True,-5213.476,True
CAGCACTGTGTTGGCGTACAGGT,23,56.522,65.528,False,-988.76,True,-5698.201,True
ACAGCACTGTGTTGGCGTACAGG,23,56.522,65.528,False,-988.76,True,-7691.071,True
GACAGCACTGTGTTGGCGTACAG,23,56.522,64.23,False,-551.215,True,-7691.071,True
AGACAGCACTGTGTTGGCGTACA,23,52.174,64.706,False,-374.213,True,-7691.071,True
CAGACAGCACTGTGTTGGCGTAC,23,56.522,64.23,False,-374.213,True,-7691.071,True
CCAGACAGCACTGTGTTGGCGTA,23,56.522,65.284,False,-374.213,True,-7691.071,True
GCCAGACAGCACTGTGTTGGCGT,23,60.87,68.128,False,-1968.199,True,-7304.825,True
CGCCAGACAGCACTGTGTTGGCG,23,65.217,68.859,False,-4132.119,True,-11219.758,True
CCGCCAGACAGCACTGTGTTGGC,23,65.217,68.671,False,-2483.868,True,-7923.255,True
GCCGCCAGACAGCACTGTGTTGG,23,65.217,68.671,False,-551.215,True,-7691.071,True
TGCCGCCAGACAGCACTGTGTTG,23,60.87,68.124,False,-551.215,True,-6838.431,True
GTGCCGCCAGACAGCACTGTGTT,23,60.87,68.128,False,-1414.889,True,-5437.779,True
GGTGCCGCCAGACAGCACTGTGT,23,65.217,69.758,False,-1667.334,True,-5437.779,True
CGTACAGGTCTTTGCGGATGTCCA,24,54.167,64.932,False,100.231,True,-3040.166,True
GCGTACAGGTCTTTGCGGATGTCC,24,58.333,65.967,False,0.0,False,-3095.349,True
GGCGTACAGGTCTTTGCGGATGTC,24,58.333,65.967,False,0.0,False,-3095.349,True
TGGCGTACAGGTCTTTGCGGATGT,24,54.167,66.701,False,0.0,False,-3095.349,True
TTGGCGTACAGGTCTTTGCGGATG,24,54.167,65.681,False,0.0,False,-3095.349,True
GTTGGCGTACAGGTCTTTGCGGAT,24,54.167,65.684,False,0.0,False,-3095.349,True
TGTTGGCGTACAGGTCTTTGCGGA,24,54.167,66.858,False,0.0,False,-3095.349,True
GTGTTGGCGTACAGGTCTTTGCGG,24,58.333,66.58,False,0.0,False,-3095.349,True
TGTGTTGGCGTACAGGTCTTTGCG,24,54.167,66.042,False,0.0,False,-3095.349,True
CTGTGTTGGCGTACAGGTCTTTGC,24,54.167,64.576,False,-350.79,True,-2332.614,True
ACTGTGTTGGCGTACAGGTCTTTG,24,50.0,63.52,False,-988.76,True,-4325.484,True
CACTGTGTTGGCGTACAGGTCTTT,24,50.0,63.52,False,-988.76,True,-4325.484,True
GCACTGTGTTGGCGTACAGGTCTT,24,54.167,65.573,False,-988.76,True,-5213.476,True
AGCACTGTGTTGGCGTACAGGTCT,24,54.167,66.37,False,-988.76,True,-5213.476,True
CAGCACTGTGTTGGCGTACAGGTC,24,58.333,66.086,False,-988.76,True,-5698.201,True
ACAGCACTGTGTTGGCGTACAGGT,24,54.167,66.826,False,-988.76,True,-7691.071,True
GACAGCACTGTGTTGGCGTACAGG,24,58.333,66.086,False,-988.76,True,-7691.071,True
AGACAGCACTGTGTTGGCGTACAG,24,54.167,65.322,False,-374.213,True,-7691.071,True
CAGACAGCACTGTGTTGGCGTACA,24,54.167,65.541,False,-374.213,True,-7691.071,True
CCAGACAGCACTGTGTTGGCGTAC,24,58.333,66.086,False,-374.213,True,-7691.071,True
GCCAGACAGCACTGTGTTGGCGTA,24,58.333,67.606,False,-1968.199,True,-7304.825,True
CGCCAGACAGCACTGTGTTGGCGT,24,62.5,70.03,False,-3925.665,True,-11893.828,True
CCGCCAGACAGCACTGTGTTGGCG,24,66.667,70.532,False,-4624.229,True,-12203.978,True
GCCGCCAGACAGCACTGTGTTGGC,24,66.667,70.814,False,-2483.868,True,-7923.255,True
TGCCGCCAGACAGCACTGTGTTGG,24,62.5,69.857,False,-551.215,True,-7691.071,True
GTGCCGCCAGACAGCACTGTGTTG,24,62.5,68.773,False,-1414.889,True,-6838.431,True
GGTGCCGCCAGACAGCACTGTGTT,24,62.5,69.862,False,-1667.334,True,-5437.779,True
GCGTACAGGTCTTTGCGGATGTCCA,25,56.0,67.183,False,100.231,True,-3040.166,True
GGCGTACAGGTCTTTGCGGATGTCC,25,60.0,67.697,False,0.0,False,-3095.349,True
TGGCGTACAGGTCTTTGCGGATGTC,25,56.0,67.183,False,0.0,False,-3095.349,True
TTGGCGTACAGGTCTTTGCGGATGT,25,52.0,66.923,False,0.0,False,-3095.349,True
GTTGGCGTACAGGTCTTTGCGGATG,25,56.0,66.431,False,0.0,False,-3095.349,True
TGTTGGCGTACAGGTCTTTGCGGAT,25,52.0,66.923,False,0.0,False,-3095.349,True
GTGTTGGCGTACAGGTCTTTGCGGA,25,56.0,67.555,False,0.0,False,-3095.349,True
TGTGTTGGCGTACAGGTCTTTGCGG,25,56.0,67.774,False,0.0,False,-3095.349,True
CTGTGTTGGCGTACAGGTCTTTGCG,25,56.0,66.56,False,-350.79,True,-2332.614,True
ACTGTGTTGGCGTACAGGTCTTTGC,25,52.0,65.836,False,-988.76,True,-4325.484,True
CACTGTGTTGGCGTACAGGTCTTTG,25,52.0,64.381,False,-988.76,True,-4325.484,True
GCACTGTGTTGGCGTACAGGTCTTT,25,52.0,65.836,False,-988.76,True,-5213.476,True
AGCACTGTGTTGGCGTACAGGTCTT,25,52.0,66.606,False,-988.76,True,-5213.476,True
CAGCACTGTGTTGGCGTACAGGTCT,25,56.0,67.093,False,-988.76,True,-5698.201,True
ACAGCACTGTGTTGGCGTACAGGTC,25,56.0,67.303,False,-988.76,True,-7691.071,True
GACAGCACTGTGTTGGCGTACAGGT,25,56.0,67.303,False,-988.76,True,-7691.071,True
AGACAGCACTGTGTTGGCGTACAGG,25,56.0,67.093,False,-374.213,True,-7691.071,True
CAGACAGCACTGTGTTGGCGTACAG,25,56.0,66.086,False,-374.213,True,-7691.071,True
CCAGACAGCACTGTGTTGGCGTACA,25,56.0,67.299,False,-374.213,True,-7691.071,True
GCCAGACAGCACTGTGTTGGCGTAC,25,60.0,68.257,False,-1968.199,True,-7304.825,True
CGCCAGACAGCACTGTGTTGGCGTA,25,60.0,69.462,False,-3925.665,True,-11893.828,True
CCGCCAGACAGCACTGTGTTGGCGT,25,64.0,71.617,False,-4506.495,True,-12878.048,True
GCCGCCAGACAGCACTGTGTTGGCG,25,68.0,72.499,False,-4624.229,True,-12203.978,True
TGCCGCCAGACAGCACTGTGTTGGC,25,64.0,71.891,False,-2483.868,True,-7923.255,True
GTGCCGCCAGACAGCACTGTGTTGG,25,64.0,70.397,False,-1414.889,True,-7691.071,True
GGTGCCGCCAGACAGCACTGTGTTG,25,64.0,70.397,False,-1667.334,True,-6838.431,True
