Rank,cross_dimer_found,cross_dimer_dG,delta_tm,fp.primer,fp.length,fp.gc,fp.tm,fp.has_homopolymer,fp.hairpin_dG,fp.hairpin_found,fp.homodimer_dG,fp.homodimer_found,rp.primer,rp.length,rp.gc,rp.tm,rp.has_homopolymer,rp.hairpin_dG,rp.hairpin_found,rp.homodimer_dG,rp.homodimer_found,amplicon_start,amplicon_end,amplicon_length,score
1,True,-4237.4723735356965,0.22699999999999676,CCTTCTACAATGAGCTGCG,19,52.632,56.121,False,0,False,-4273.334,True,TCGTAGATGGGCACAGTG,18,55.556,56.348,False,0,False,-4149.536,True,349,584,236,10.0
2,True,-3546.166144614115,0.39699999999999847,CTACAATGAGCTGCGTGTG,19,52.632,56.745,False,0,False,-4273.334,True,TCGTAGATGGGCACAGTG,18,55.556,56.348,False,0,False,-4149.536,True,353,584,232,10.0
3,True,-3546.166144614115,0.570999999999998,CTTCTACAATGAGCTGCGTG,20,50.0,56.919,False,0,False,-4273.334,True,TCGTAGATGGGCACAGTG,18,55.556,56.348,False,0,False,-4149.536,True,350,584,235,10.0
4,True,-3546.166144614115,0.6939999999999955,TTCTACAATGAGCTGCGTG,19,47.368,55.654,False,0,False,-4273.334,True,TCGTAGATGGGCACAGTG,18,55.556,56.348,False,0,False,-4149.536,True,351,584,234,10.0
5,True,-3546.166144614115,0.9399999999999977,TACAATGAGCTGCGTGTG,18,50.0,55.408,False,0,False,-4273.334,True,TCGTAGATGGGCACAGTG,18,55.556,56.348,False,0,False,-4149.536,True,354,584,231,10.0
6,True,-3735.952373532593,0.006999999999997897,ACAATGAGCTGCGTGTGG,18,55.556,58.341,False,0,False,-4273.334,True,TCGTAGATGGGCACAGTGT,19,52.632,58.334,False,0,False,-4208.956,True,355,584,230,9.0
7,True,-4432.952373532593,0.04800000000000182,TCTACAATGAGCTGCGTGTG,20,50.0,58.286,False,0,False,-4273.334,True,TCGTAGATGGGCACAGTGT,19,52.632,58.334,False,0,False,-4208.956,True,352,584,233,9.0
8,True,-4432.952373532593,0.08099999999999596,CTACAATGAGCTGCGTGTG,19,52.632,56.745,False,0,False,-4273.334,True,CGTAGATGGGCACAGTGT,18,55.556,56.664,False,0,False,-4208.956,True,353,583,231,9.0
9,True,-4432.952373532593,0.1740000000000066,TACAATGAGCTGCGTGTGG,19,52.632,58.16,False,0,False,-4273.334,True,TCGTAGATGGGCACAGTGT,19,52.632,58.334,False,0,False,-4208.956,True,354,584,231,9.0
10,True,-4432.952373532593,0.25499999999999545,CTTCTACAATGAGCTGCGTG,20,50.0,56.919,False,0,False,-4273.334,True,CGTAGATGGGCACAGTGT,18,55.556,56.664,False,0,False,-4208.956,True,350,583,234,9.0
11,True,-5233.907373535687,0.3500000000000014,ACCTTCTACAATGAGCTGCG,20,50.0,57.984,False,0,False,-4273.334,True,TCGTAGATGGGCACAGTGT,19,52.632,58.334,False,0,False,-4208.956,True,348,584,237,9.0
12,True,-3546.166144614115,0.43599999999999994,TCTACAATGAGCTGCGTGT,19,47.368,56.784,False,0,False,-4273.334,True,TCGTAGATGGGCACAGTG,18,55.556,56.348,False,0,False,-4149.536,True,352,584,233,9.0
13,True,-4432.952373532593,0.5429999999999993,CCTTCTACAATGAGCTGCG,19,52.632,56.121,False,0,False,-4273.334,True,CGTAGATGGGCACAGTGT,18,55.556,56.664,False,0,False,-4208.956,True,349,583,235,9.0
14,True,-4432.952373532593,0.5969999999999942,TTCTACAATGAGCTGCGTGTG,21,47.619,58.931,False,0,False,-4273.334,True,TCGTAGATGGGCACAGTGT,19,52.632,58.334,False,0,False,-4208.956,True,351,584,234,9.0
15,True,-4432.952373532593,0.9429999999999978,CTACAATGAGCTGCGTGTGG,20,55.0,59.277,False,0,False,-4273.334,True,TCGTAGATGGGCACAGTGT,19,52.632,58.334,False,0,False,-4208.956,True,353,584,232,9.0
16,True,-5233.907373535687,1.463000000000001,ACCTTCTACAATGAGCTGC,19,47.368,54.885,False,0,False,-4273.334,True,TCGTAGATGGGCACAGTG,18,55.556,56.348,False,0,False,-4149.536,True,348,584,237,9.0
17,True,-3546.166144614115,1.5829999999999984,TCTACAATGAGCTGCGTG,18,50.0,54.765,False,0,False,-4273.334,True,TCGTAGATGGGCACAGTG,18,55.556,56.348,False,0,False,-4149.536,True,352,584,233,9.0
18,True,-5233.907373535687,1.6360000000000028,ACCTTCTACAATGAGCTGCG,20,50.0,57.984,False,0,False,-4273.334,True,TCGTAGATGGGCACAGTG,18,55.556,56.348,False,0,False,-4149.536,True,348,584,237,9.0
19,True,-3546.166144614115,1.8119999999999976,TACAATGAGCTGCGTGTGG,19,52.632,58.16,False,0,False,-4273.334,True,TCGTAGATGGGCACAGTG,18,55.556,56.348,False,0,False,-4149.536,True,354,584,231,9.0
20,True,-3546.166144614115,1.9380000000000024,TCTACAATGAGCTGCGTGTG,20,50.0,58.286,False,0,False,-4273.334,True,TCGTAGATGGGCACAGTG,18,55.556,56.348,False,0,False,-4149.536,True,352,584,233,9.0
21,True,-3546.166144614115,1.993000000000002,ACAATGAGCTGCGTGTGG,18,55.556,58.341,False,0,False,-4273.334,True,TCGTAGATGGGCACAGTG,18,55.556,56.348,False,0,False,-4149.536,True,355,584,230,9.0
22,True,-4432.952373532593,0.11999999999999744,TCTACAATGAGCTGCGTGT,19,47.368,56.784,False,0,False,-4273.334,True,CGTAGATGGGCACAGTGT,18,55.556,56.664,False,0,False,-4208.956,True,352,583,232,8.0
23,True,-4432.952373532593,0.32499999999999574,CTTCTACAATGAGCTGCGTGT,21,47.619,58.659,False,0,False,-4273.334,True,TCGTAGATGGGCACAGTGT,19,52.632,58.334,False,0,False,-4208.956,True,350,584,235,8.0
24,True,-4432.952373532593,0.3500000000000014,CCTTCTACAATGAGCTGCGT,20,50.0,57.984,False,0,False,-4273.334,True,TCGTAGATGGGCACAGTGT,19,52.632,58.334,False,0,False,-4208.956,True,349,584,236,8.0
25,True,-4432.952373532593,0.7900000000000063,TTCTACAATGAGCTGCGTGT,20,45.0,57.544,False,0,False,-4273.334,True,TCGTAGATGGGCACAGTGT,19,52.632,58.334,False,0,False,-4208.956,True,351,584,234,8.0
26,True,-4432.952373532593,0.8799999999999955,TTCTACAATGAGCTGCGTGT,20,45.0,57.544,False,0,False,-4273.334,True,CGTAGATGGGCACAGTGT,18,55.556,56.664,False,0,False,-4208.956,True,351,583,233,8.0
27,True,-4432.952373532593,1.0030000000000001,CCTTCTACAATGAGCTGCGTG,21,52.381,59.337,False,0,False,-4273.334,True,TCGTAGATGGGCACAGTGT,19,52.632,58.334,False,0,False,-4208.956,True,349,584,236,8.0
28,True,-3546.166144614115,1.006999999999998,CTTCTACAATGAGCTGCGT,19,47.368,55.341,False,0,False,-4273.334,True,TCGTAGATGGGCACAGTG,18,55.556,56.348,False,0,False,-4149.536,True,350,584,235,8.0
29,True,-4432.952373532593,1.009999999999998,TTCTACAATGAGCTGCGTG,19,47.368,55.654,False,0,False,-4273.334,True,CGTAGATGGGCACAGTGT,18,55.556,56.664,False,0,False,-4208.956,True,351,583,233,8.0
30,True,-3546.166144614115,1.195999999999998,TTCTACAATGAGCTGCGTGT,20,45.0,57.544,False,0,False,-4273.334,True,TCGTAGATGGGCACAGTG,18,55.556,56.348,False,0,False,-4149.536,True,351,584,234,8.0
31,True,-4432.952373532593,1.2560000000000002,TACAATGAGCTGCGTGTG,18,50.0,55.408,False,0,False,-4273.334,True,CGTAGATGGGCACAGTGT,18,55.556,56.664,False,0,False,-4208.956,True,354,583,230,8.0
32,True,-3546.166144614115,1.269999999999996,CTACAATGAGCTGCGTGT,18,50.0,55.078,False,0,False,-4273.334,True,TCGTAGATGGGCACAGTG,18,55.556,56.348,False,0,False,-4149.536,True,353,584,232,8.0
33,True,-5233.907373535687,1.3200000000000003,ACCTTCTACAATGAGCTGCG,20,50.0,57.984,False,0,False,-4273.334,True,CGTAGATGGGCACAGTGT,18,55.556,56.664,False,0,False,-4208.956,True,348,583,236,8.0
34,True,-4432.952373532593,1.4150000000000063,CTTCTACAATGAGCTGCGTG,20,50.0,56.919,False,0,False,-4273.334,True,TCGTAGATGGGCACAGTGT,19,52.632,58.334,False,0,False,-4208.956,True,350,584,235,8.0
35,True,-4432.952373532593,1.4959999999999951,TACAATGAGCTGCGTGTGG,19,52.632,58.16,False,0,False,-4273.334,True,CGTAGATGGGCACAGTGT,18,55.556,56.664,False,0,False,-4208.956,True,354,583,230,8.0
36,True,-4432.952373532593,1.5890000000000057,CTACAATGAGCTGCGTGTG,19,52.632,56.745,False,0,False,-4273.334,True,TCGTAGATGGGCACAGTGT,19,52.632,58.334,False,0,False,-4208.956,True,353,584,232,8.0
37,True,-4432.952373532593,1.6219999999999999,TCTACAATGAGCTGCGTGTG,20,50.0,58.286,False,0,False,-4273.334,True,CGTAGATGGGCACAGTGT,18,55.556,56.664,False,0,False,-4208.956,True,352,583,232,8.0
38,True,-4237.4723735356965,1.6360000000000028,CCTTCTACAATGAGCTGCGT,20,50.0,57.984,False,0,False,-4273.334,True,TCGTAGATGGGCACAGTG,18,55.556,56.348,False,0,False,-4149.536,True,349,584,236,8.0
39,True,-3735.952373532593,1.6769999999999996,ACAATGAGCTGCGTGTGG,18,55.556,58.341,False,0,False,-4273.334,True,CGTAGATGGGCACAGTGT,18,55.556,56.664,False,0,False,-4208.956,True,355,583,229,8.0
40,True,-5233.907373535687,1.7790000000000035,ACCTTCTACAATGAGCTGC,19,47.368,54.885,False,0,False,-4273.334,True,CGTAGATGGGCACAGTGT,18,55.556,56.664,False,0,False,-4208.956,True,348,583,236,8.0
41,True,-4432.952373532593,1.899000000000001,TCTACAATGAGCTGCGTG,18,50.0,54.765,False,0,False,-4273.334,True,CGTAGATGGGCACAGTGT,18,55.556,56.664,False,0,False,-4208.956,True,352,583,232,8.0
42,True,-4432.952373532593,1.3200000000000003,CCTTCTACAATGAGCTGCGT,20,50.0,57.984,False,0,False,-4273.334,True,CGTAGATGGGCACAGTGT,18,55.556,56.664,False,0,False,-4208.956,True,349,583,235,7.0
43,True,-4432.952373532593,1.3230000000000004,CTTCTACAATGAGCTGCGT,19,47.368,55.341,False,0,False,-4273.334,True,CGTAGATGGGCACAGTGT,18,55.556,56.664,False,0,False,-4208.956,True,350,583,234,7.0
44,True,-5233.907373535687,1.3899999999999935,ACCTTCTACAATGAGCTGCGT,21,47.619,59.724,False,0,False,-4273.334,True,TCGTAGATGGGCACAGTGT,19,52.632,58.334,False,0,False,-4208.956,True,348,584,237,7.0
45,True,-4432.952373532593,1.5500000000000043,TCTACAATGAGCTGCGTGT,19,47.368,56.784,False,0,False,-4273.334,True,TCGTAGATGGGCACAGTGT,19,52.632,58.334,False,0,False,-4208.956,True,352,584,233,7.0
46,True,-4432.952373532593,1.5729999999999933,CTTCTACAATGAGCTGCGTGTG,22,50.0,59.907,False,0,False,-4273.334,True,TCGTAGATGGGCACAGTGT,19,52.632,58.334,False,0,False,-4208.956,True,350,584,235,7.0
47,True,-4432.952373532593,1.5859999999999985,CTACAATGAGCTGCGTGT,18,50.0,55.078,False,0,False,-4273.334,True,CGTAGATGGGCACAGTGT,18,55.556,56.664,False,0,False,-4208.956,True,353,583,231,7.0
48,True,-4432.952373532593,1.9949999999999974,CTTCTACAATGAGCTGCGTGT,21,47.619,58.659,False,0,False,-4273.334,True,CGTAGATGGGCACAGTGT,18,55.556,56.664,False,0,False,-4208.956,True,350,583,234,7.0
